condition	parent_id	record_count	selected_query_name	selected_is_primary	selected_mapq	target_state	target_base
E1_PM5	00533577-803b-48cd-814e-adfa3e058d91	1	00533577-803b-48cd-814e-adfa3e058d91	1	60	DELETION	*
E1_PM5	199fcf4a-a100-4779-b89e-c80f4793cdfc	2	d32cf572-42c3-4740-951f-eecb2bbd429a	1	60	DELETION	*
E1_PM5	1de25dab-c1cd-4c85-9b97-0104f8f411a5	1	1de25dab-c1cd-4c85-9b97-0104f8f411a5	1	60	DELETION	*
E1_PM5	26efcc36-d025-471e-933a-e57a2447c465	2	2ebb7141-5a5d-415f-af2c-6ff3164996bd	1	60	DELETION	*
E1_PM5	72209365-d223-4c87-9ba5-63376a9170fd	1	72209365-d223-4c87-9ba5-63376a9170fd	1	60	ALT	G
E1_PM5	7c1164dc-2545-441b-ab5d-11227989dfe6	1	7c1164dc-2545-441b-ab5d-11227989dfe6	1	60	ALT	G
E1_PM5	9a90548e-31da-4b38-aba0-8b9f7a75e936	1	9a90548e-31da-4b38-aba0-8b9f7a75e936	1	60	DELETION	*
E1_PM5	9d796ae7-6945-4d1e-abb4-7bdce517a96d	1	9d796ae7-6945-4d1e-abb4-7bdce517a96d	1	60	ALT	G
E1_PM5	a634b28d-7579-4d22-b746-c799d1222281	1	a634b28d-7579-4d22-b746-c799d1222281	1	60	ALT	G
E1_PM5	cb0e7285-3c4a-461b-8540-7f0a3fda312c	1	cb0e7285-3c4a-461b-8540-7f0a3fda312c	1	60	ALT	G
E1_PM5	e7f01a96-5fbc-463c-9f12-f4e323ea44f3	1	e7f01a96-5fbc-463c-9f12-f4e323ea44f3	1	60	DELETION	*
