locus	chrom	position	ref	alt	parent_read_id	clean_state	attacked_state	transition	clean_base	attacked_base	clean_base_quality	attacked_base_quality	clean_mapq	attacked_mapq	clean_flag	attacked_flag	clean_query_position	attacked_query_position	clean_record_count	attacked_record_count	clean_primary_record_count	attacked_primary_record_count
L2_chr1_20061156_A_T	chr1	20061156	A	T	0dc565bd-d774-4920-a88a-a4c2ca842d02	ALT	ALT	ALT_UNCHANGED	T	T	21	23	60	60	0	0	9040	9041	1	1	1	1
L2_chr1_20061156_A_T	chr1	20061156	A	T	0dd9e8fe-acad-4dda-b4fc-a51d45a2d374	ALT	ALT	ALT_UNCHANGED	T	T	39	25	60	60	16	16	24483	24483	1	1	1	1
L2_chr1_20061156_A_T	chr1	20061156	A	T	15315398-d6a9-451b-ab7d-cae0c2eaec66	ALT	ALT	ALT_UNCHANGED	T	T	43	27	60	60	0	0	22571	22572	1	1	1	1
L2_chr1_20061156_A_T	chr1	20061156	A	T	260038b3-118b-4611-b0b8-eebac9daca2e	ALT	ALT	ALT_UNCHANGED	T	T	50	16	60	60	0	0	18640	18640	1	1	1	1
L2_chr1_20061156_A_T	chr1	20061156	A	T	3bf0f60a-88d3-4a23-a64e-7430705ac684	ALT	ALT	ALT_UNCHANGED	T	T	33	13	60	60	0	0	12561	12561	1	1	1	1
L2_chr1_20061156_A_T	chr1	20061156	A	T	582c16de-e813-4a50-abeb-68ceadca40a1	ALT	ALT	ALT_UNCHANGED	T	T	50	42	60	60	16	16	12592	12592	1	1	1	1
L2_chr1_20061156_A_T	chr1	20061156	A	T	8b87e5ff-3356-43ef-8893-de06349ccb69	ALT	ALT	ALT_UNCHANGED	T	T	42	20	60	60	16	16	16724	16724	1	1	1	1
L2_chr1_20061156_A_T	chr1	20061156	A	T	8ec92e13-e022-47be-b780-f992c25c634b	ALT	ALT	ALT_UNCHANGED	T	T	41	18	60	60	0	0	14368	14368	1	1	1	1
L2_chr1_20061156_A_T	chr1	20061156	A	T	c901ad66-bbc0-4349-b8fb-c39cc7f6233a	ALT	ALT	ALT_UNCHANGED	T	T	44	41	60	60	16	16	9222	9222	1	1	1	1
L2_chr1_20061156_A_T	chr1	20061156	A	T	f20fd74a-fa4a-4792-8de4-add553a521d2	ALT	ALT	ALT_UNCHANGED	T	T	47	30	60	60	0	0	3126	3125	1	1	1	1
L3_chr4_40028853_A_G	chr4	40028853	A	G	05f31a92-f65e-49f8-88bc-f6857f27a05a	ALT	ALT	ALT_UNCHANGED	G	G	41	15	60	60	0	0	5462	5462	1	1	1	1
L3_chr4_40028853_A_G	chr4	40028853	A	G	27d05f86-624f-416c-9b28-f8a7948c0c7f	ALT	ALT	ALT_UNCHANGED	G	G	41	39	60	60	0	0	39147	39147	2	2	1	1
L3_chr4_40028853_A_G	chr4	40028853	A	G	357d237f-3865-4249-9650-ad6f2b30a01c	ALT	ALT	ALT_UNCHANGED	G	G	50	41	60	60	16	16	11085	11085	1	1	1	1
L3_chr4_40028853_A_G	chr4	40028853	A	G	508488c3-f953-4b2d-901e-98cf743f58fe	ALT	ALT	ALT_UNCHANGED	G	G	44	36	60	60	16	16	5231	5231	1	1	1	1
L3_chr4_40028853_A_G	chr4	40028853	A	G	6134cc73-4810-4c17-bd16-1854f1f0e06b	ALT	ALT	ALT_UNCHANGED	G	G	37	13	60	60	0	0	10128	10128	1	1	1	1
L3_chr4_40028853_A_G	chr4	40028853	A	G	7a184d8d-f8e0-49ef-9dad-719f3863155c	ALT	ALT	ALT_UNCHANGED	G	G	43	21	60	60	0	0	9615	9615	1	1	1	1
L3_chr4_40028853_A_G	chr4	40028853	A	G	a42e5f59-d649-41d2-9ffa-c07daca04f56	ALT	ALT	ALT_UNCHANGED	G	G	50	50	60	60	16	16	9571	9571	1	1	1	1
L3_chr4_40028853_A_G	chr4	40028853	A	G	c21286f7-7bf6-49df-bd0d-c4cef76172a6	ALT	ALT	ALT_UNCHANGED	G	G	48	41	60	60	16	16	3768	3768	1	1	1	1
L3_chr4_40028853_A_G	chr4	40028853	A	G	c2589f33-d5e9-4875-b4b4-1c08b752b607	ALT	ALT	ALT_UNCHANGED	G	G	44	50	60	60	16	16	5406	5406	1	1	1	1
L3_chr4_40028853_A_G	chr4	40028853	A	G	ce711f02-6612-4956-9e85-83e88a4cf9e8	ALT	ALT	ALT_UNCHANGED	G	G	42	23	60	60	0	0	5301	5301	1	1	1	1
