candidate	parent_id	clean_classification	attacked_classification	transition	clean_base	attacked_base	clean_base_quality	attacked_base_quality	clean_mapq	attacked_mapq	clean_query_position	attacked_query_position	clean_primary_records	attacked_primary_records	clean_supplementary_records	attacked_supplementary_records
L2_chr1_20061156_A_T	0dc565bd-d774-4920-a88a-a4c2ca842d02	ALT	DELETION	ALT_TO_DELETION	T		21		60	60	9040		1	1	0	0
L2_chr1_20061156_A_T	0dd9e8fe-acad-4dda-b4fc-a51d45a2d374	ALT	DELETION	ALT_TO_DELETION	T		39		60	60	24483		1	1	0	0
L2_chr1_20061156_A_T	15315398-d6a9-451b-ab7d-cae0c2eaec66	ALT	OTHER	ALT_TO_OTHER	T	C	43	16	60	60	22571	22572	1	1	0	0
L2_chr1_20061156_A_T	260038b3-118b-4611-b0b8-eebac9daca2e	ALT	DELETION	ALT_TO_DELETION	T		50		60	60	18640		1	1	0	0
L2_chr1_20061156_A_T	3bf0f60a-88d3-4a23-a64e-7430705ac684	ALT	DELETION	ALT_TO_DELETION	T		33		60	60	12561		1	1	0	0
L2_chr1_20061156_A_T	582c16de-e813-4a50-abeb-68ceadca40a1	ALT	REF	ALT_TO_REF	T	A	50	19	60	60	12592	12594	1	1	0	0
L2_chr1_20061156_A_T	8b87e5ff-3356-43ef-8893-de06349ccb69	ALT	DELETION	ALT_TO_DELETION	T		42		60	60	16724		1	1	0	0
L2_chr1_20061156_A_T	8ec92e13-e022-47be-b780-f992c25c634b	ALT	DELETION	ALT_TO_DELETION	T		41		60	60	14368		1	1	0	0
L2_chr1_20061156_A_T	c901ad66-bbc0-4349-b8fb-c39cc7f6233a	ALT	DELETION	ALT_TO_DELETION	T		44		60	60	9222		1	1	0	0
L2_chr1_20061156_A_T	f20fd74a-fa4a-4792-8de4-add553a521d2	ALT	OTHER	ALT_TO_OTHER	T	C	47	8	60	60	3126	3122	1	1	0	0
L3_chr4_40028853_A_G	05f31a92-f65e-49f8-88bc-f6857f27a05a	ALT	DELETION	ALT_TO_DELETION	G		41		60	60	5462		1	1	0	0
L3_chr4_40028853_A_G	27d05f86-624f-416c-9b28-f8a7948c0c7f	ALT	DELETION	ALT_TO_DELETION	G		41		60	60	39147		1	1	1	1
L3_chr4_40028853_A_G	357d237f-3865-4249-9650-ad6f2b30a01c	ALT	REF	ALT_TO_REF	G	A	50	7	60	60	11085	11082	1	1	0	0
L3_chr4_40028853_A_G	508488c3-f953-4b2d-901e-98cf743f58fe	ALT	OTHER	ALT_TO_OTHER	G	T	44	4	60	60	5231	5232	1	1	0	0
L3_chr4_40028853_A_G	6134cc73-4810-4c17-bd16-1854f1f0e06b	ALT	DELETION	ALT_TO_DELETION	G		37		60	60	10128		1	1	0	0
L3_chr4_40028853_A_G	7a184d8d-f8e0-49ef-9dad-719f3863155c	ALT	DELETION	ALT_TO_DELETION	G		43		60	60	9615		1	1	0	0
L3_chr4_40028853_A_G	a42e5f59-d649-41d2-9ffa-c07daca04f56	ALT	DELETION	ALT_TO_DELETION	G		50		60	60	9571		1	1	0	0
L3_chr4_40028853_A_G	c21286f7-7bf6-49df-bd0d-c4cef76172a6	ALT	REF	ALT_TO_REF	G	A	48	4	60	60	3768	3772	1	1	0	0
L3_chr4_40028853_A_G	c2589f33-d5e9-4875-b4b4-1c08b752b607	ALT	REF	ALT_TO_REF	G	A	44	3	60	60	5406	5405	1	1	0	0
L3_chr4_40028853_A_G	ce711f02-6612-4956-9e85-83e88a4cf9e8	ALT	OTHER	ALT_TO_OTHER	G	T	42	33	60	60	5301	5310	1	1	0	0
